[
  {
    "id": "Curitiba",
    "name": "Curitiba"
  },
  {
    "id": "São José dos Pinhais",
    "name": "São José dos Pinhais"
  },
  {
    "id": "Palmeira",
    "name": "Palmeira"
  },
  {
    "id": "Colombo",
    "name": "Colombo"
  },
  {
    "id": "Pinhais",
    "name": "Pinhais"
  },
  {
    "id": "Westerville",
    "name": "Westerville"
  },
  {
    "id": "Valle",
    "name": "Valle"
  },
  {
    "id": "Machias",
    "name": "Machias"
  },
  {
    "id": "Yardville",
    "name": "Yardville"
  },
  {
    "id": "Marshall",
    "name": "Marshall"
  },
  {
    "id": "Oberlin",
    "name": "Oberlin"
  },
  {
    "id": "Camas",
    "name": "Camas"
  },
  {
    "id": "Washington",
    "name": "Washington"
  },
  {
    "id": "Calvary",
    "name": "Calvary"
  },
  {
    "id": "Seymour",
    "name": "Seymour"
  },
  {
    "id": "Columbus",
    "name": "Columbus"
  },
  {
    "id": "Maplewood",
    "name": "Maplewood"
  },
  {
    "id": "Shaft",
    "name": "Shaft"
  },
  {
    "id": "Neibert",
    "name": "Neibert"
  },
  {
    "id": "Zeba",
    "name": "Zeba"
  },
  {
    "id": "Salunga",
    "name": "Salunga"
  },
  {
    "id": "Longoria",
    "name": "Longoria"
  },
  {
    "id": "Kennedyville",
    "name": "Kennedyville"
  },
  {
    "id": "Utting",
    "name": "Utting"
  },
  {
    "id": "Wyano",
    "name": "Wyano"
  },
  {
    "id": "Dola",
    "name": "Dola"
  },
  {
    "id": "Retsof",
    "name": "Retsof"
  }
]